[{"n":"CocosPlane","p":{"x":0,"y":0,"z":0},"r":{"x":-0.7071067811865475,"y":0,"z":0,"w":0.7071067811865476},"s":{"x":2,"y":2,"z":1}},{"n":"house01","p":{"x":-23.25,"y":0.5,"z":26.268},"r":{"x":0,"y":0,"z":0,"w":1},"s":{"x":1,"y":1,"z":1}},{"n":"house01","p":{"x":-23.25,"y":0.5,"z":-5.815},"r":{"x":0,"y":0,"z":0,"w":1},"s":{"x":1,"y":1,"z":1}},{"n":"house01","p":{"x":-23.25,"y":0.5,"z":-21.617},"r":{"x":0,"y":0,"z":0,"w":1},"s":{"x":1,"y":1,"z":1}},{"n":"house01","p":{"x":-35.568,"y":0.5,"z":-13.283},"r":{"x":0,"y":1,"z":0,"w":6.123233995736766e-17},"s":{"x":1,"y":1,"z":1}},{"n":"house01","p":{"x":-16.628,"y":0.5,"z":-12.738},"r":{"x":0,"y":1,"z":0,"w":6.123233995736766e-17},"s":{"x":1,"y":1,"z":1}},{"n":"house01","p":{"x":-3.341,"y":0.5,"z":-6.298},"r":{"x":0,"y":0,"z":0,"w":1},"s":{"x":1,"y":1,"z":1}},{"n":"house01","p":{"x":36.235,"y":0.5,"z":-18.897},"r":{"x":0,"y":0,"z":0,"w":1},"s":{"x":1,"y":1,"z":1}},{"n":"house01","p":{"x":36.132,"y":0.5,"z":10.069},"r":{"x":0,"y":0,"z":0,"w":1},"s":{"x":1,"y":1,"z":1}},{"n":"house01","p":{"x":22.897,"y":0.5,"z":22.538},"r":{"x":0,"y":0,"z":0,"w":1},"s":{"x":1,"y":1,"z":1}},{"n":"house02","p":{"x":-23.449,"y":0.5,"z":-13.631},"r":{"x":0,"y":0,"z":0,"w":1},"s":{"x":1,"y":1,"z":1}},{"n":"house02","p":{"x":-35.227,"y":0.5,"z":8.486},"r":{"x":0,"y":1,"z":0,"w":6.123233995736766e-17},"s":{"x":1,"y":1,"z":1}},{"n":"house02","p":{"x":6.712,"y":0.5,"z":-2.969},"r":{"x":0,"y":0.7071067811865475,"z":0,"w":0.7071067811865476},"s":{"x":1,"y":1,"z":1}},{"n":"house02","p":{"x":7.24,"y":0.5,"z":-9.543},"r":{"x":0,"y":-0.7071067811865475,"z":0,"w":0.7071067811865476},"s":{"x":1,"y":1,"z":1}},{"n":"house02","p":{"x":-16.285,"y":0.5,"z":-5.348},"r":{"x":0,"y":1,"z":0,"w":6.123233995736766e-17},"s":{"x":1,"y":1,"z":1}},{"n":"house02","p":{"x":23.364,"y":0.5,"z":-2.303},"r":{"x":0,"y":1,"z":0,"w":6.123233995736766e-17},"s":{"x":1,"y":1,"z":1}},{"n":"house02","p":{"x":-16.427,"y":0.5,"z":-21.285},"r":{"x":0,"y":1,"z":0,"w":6.123233995736766e-17},"s":{"x":1,"y":1,"z":1}},{"n":"house02","p":{"x":-16.427,"y":0.5,"z":26.775},"r":{"x":0,"y":1,"z":0,"w":6.123233995736766e-17},"s":{"x":1,"y":1,"z":1}},{"n":"Bonus-Cocos","p":{"x":-29.586,"y":1,"z":12.005},"r":{"x":0,"y":0,"z":0,"w":1},"s":{"x":1,"y":1,"z":1}},{"n":"Bonus-Cocos","p":{"x":-29.586,"y":1,"z":7.857},"r":{"x":0,"y":0,"z":0,"w":1},"s":{"x":1,"y":1,"z":1}},{"n":"Bonus-Cocos","p":{"x":-29.586,"y":1,"z":3.332},"r":{"x":0,"y":0,"z":0,"w":1},"s":{"x":1,"y":1,"z":1}},{"n":"Bonus-Cocos","p":{"x":-29.586,"y":1,"z":-1.129},"r":{"x":0,"y":0,"z":0,"w":1},"s":{"x":1,"y":1,"z":1}},{"n":"Bonus-Cocos","p":{"x":-29.586,"y":1,"z":-5.799},"r":{"x":0,"y":0,"z":0,"w":1},"s":{"x":1,"y":1,"z":1}},{"n":"Bonus-Cocos","p":{"x":29.386,"y":1,"z":11.386},"r":{"x":0,"y":0,"z":0,"w":1},"s":{"x":1,"y":1,"z":1}},{"n":"Bonus-Cocos","p":{"x":29.386,"y":1,"z":7.238},"r":{"x":0,"y":0,"z":0,"w":1},"s":{"x":1,"y":1,"z":1}},{"n":"Bonus-Cocos","p":{"x":29.386,"y":1,"z":2.713},"r":{"x":0,"y":0,"z":0,"w":1},"s":{"x":1,"y":1,"z":1}},{"n":"Bonus-Cocos","p":{"x":29.386,"y":1,"z":-1.748},"r":{"x":0,"y":0,"z":0,"w":1},"s":{"x":1,"y":1,"z":1}},{"n":"Bonus-Cocos","p":{"x":29.386,"y":1,"z":-6.418},"r":{"x":0,"y":0,"z":0,"w":1},"s":{"x":1,"y":1,"z":1}},{"n":"Bonus-Cocos","p":{"x":-9.842,"y":1,"z":-1.537},"r":{"x":0,"y":0,"z":0,"w":1},"s":{"x":1,"y":1,"z":1}},{"n":"Bonus-Cocos","p":{"x":-9.728,"y":1,"z":24.055},"r":{"x":0,"y":0,"z":0,"w":1},"s":{"x":1,"y":1,"z":1}},{"n":"Bonus-Cocos","p":{"x":3.037,"y":1,"z":24.783},"r":{"x":0,"y":0,"z":0,"w":1},"s":{"x":1,"y":1,"z":1}},{"n":"Bonus-Cocos","p":{"x":-3.038,"y":1,"z":31.578},"r":{"x":0,"y":0,"z":0,"w":1},"s":{"x":1,"y":1,"z":1}},{"n":"Bonus-Cocos","p":{"x":16.204,"y":1,"z":-3.19},"r":{"x":0,"y":0,"z":0,"w":1},"s":{"x":1,"y":1,"z":1}},{"n":"Bonus-Cocos","p":{"x":3.359,"y":1,"z":-22.773},"r":{"x":0,"y":0,"z":0,"w":1},"s":{"x":1,"y":1,"z":1}},{"n":"Bonus-Cocos","p":{"x":16.243,"y":1,"z":-28.362},"r":{"x":0,"y":0,"z":0,"w":1},"s":{"x":1,"y":1,"z":1}},{"n":"Bonus-Cocos","p":{"x":22.427,"y":1,"z":-28.38},"r":{"x":0,"y":0,"z":0,"w":1},"s":{"x":1,"y":1,"z":1}},{"n":"truck01","p":{"x":-23,"y":0.5,"z":14},"r":{"x":0,"y":0.7071067811865475,"z":0,"w":0.7071067811865476},"s":{"x":2,"y":2,"z":2}},{"n":"truck01","p":{"x":-23,"y":0.5,"z":10},"r":{"x":0,"y":0.7071067811865475,"z":0,"w":0.7071067811865476},"s":{"x":2,"y":2,"z":2}},{"n":"truck01","p":{"x":-23,"y":0.5,"z":6},"r":{"x":0,"y":0.7071067811865475,"z":0,"w":0.7071067811865476},"s":{"x":2,"y":2,"z":2}},{"n":"truck02","p":{"x":9.615,"y":0.5,"z":26.562},"r":{"x":0,"y":0.7071067811865475,"z":0,"w":0.7071067811865476},"s":{"x":2,"y":2,"z":2}},{"n":"truck02","p":{"x":9.615,"y":0.5,"z":22.562},"r":{"x":0,"y":0.7071067811865475,"z":0,"w":0.7071067811865476},"s":{"x":2,"y":2,"z":2}},{"n":"truck02","p":{"x":9.615,"y":0.5,"z":18.562},"r":{"x":0,"y":0.7071067811865475,"z":0,"w":0.7071067811865476},"s":{"x":2,"y":2,"z":2}}]