{
    "win32_cfg": {
        "project_path": "../../build",
        "sln_file": "cocos2d-win32.vc2012.sln",
        "project_name": "cpp-tests",
        "build_cfg_path": "proj.win32"
    }, 
    "linux_cfg": {
        "project_path": "proj.linux",
        "project_name": "cpp-tests",
        "cmake_path": "../../",
        "build_dir": "../../build/linux-build",
        "build_result_dir": "cpp-tests"
    }, 
    "ios_cfg": {
        "project_path": "../../build",
        "project_file": "cocos2d_tests.xcodeproj",
        "target_name": "cpp-tests iOS"
    }, 
    "project_type": "cpp", 
    "mac_cfg": {
        "project_path": "../../build",
        "project_file": "cocos2d_tests.xcodeproj",
        "target_name": "cpp-tests Mac"
    },
    "android_cfg": {
        "project_path": "Example.android"
    },
    "wp8_cfg" : {
        "project_path": "../../build",
        "sln_file": "cocos2d-wp8.sln",
        "project_name": "cpp-tests",
        "build_folder_path": "cpp-tests/Properties/WMAppManifest.xml"
    },
    "wp8_1_cfg" : {
        "project_path": "../../build",
        "sln_file": "cocos2d-win8.1-universal.sln",
        "project_name": "cpp-tests.WindowsPhone"
    },
    "metro_cfg" : {
        "project_path": "../../build",
        "sln_file": "cocos2d-win8.1-universal.sln",
        "project_name": "cpp-tests.Windows"
    },
    "engine_dir": "../../"
}
